match_id,edition_id,player1_id,player2_id,winner_id,match_date,round_rank
1,1,1,2,2,2019-12-03,1
2,1,3,4,4,2019-12-01,1
3,1,5,6,5,2019-12-05,1
4,1,7,8,8,2019-11-25,1
5,1,9,10,10,2019-11-26,1
6,1,11,12,12,2019-12-06,1
7,1,13,14,14,2019-11-24,1
8,1,15,16,16,2019-11-25,1
9,1,17,18,18,2019-11-29,1
10,1,19,20,19,2019-11-27,1
11,1,21,22,21,2019-11-24,1
12,1,23,24,24,2019-12-01,1
13,1,25,26,25,2019-11-24,1
14,1,27,28,27,2019-12-04,1
15,1,29,30,30,2019-12-02,1
16,1,31,32,31,2019-11-27,1
17,1,33,34,34,2019-11-27,1
18,1,35,36,35,2019-12-05,1
19,1,37,38,37,2019-12-03,1
20,1,39,40,40,2019-12-06,1
21,1,41,42,42,2019-12-03,1
22,1,43,44,43,2019-12-06,1
23,1,45,46,46,2019-12-06,1
24,1,47,48,48,2019-11-24,1
25,1,49,50,50,2019-12-07,1
26,1,51,52,51,2019-11-26,1
27,1,53,54,54,2019-12-06,1
28,1,55,56,56,2019-11-25,1
29,1,57,58,58,2019-12-04,1
30,1,59,60,59,2019-11-29,1
31,1,61,62,61,2019-12-01,1
32,1,63,64,63,2019-12-06,1
33,1,65,66,66,2019-12-04,1
34,1,67,68,67,2019-12-05,1
35,1,69,70,70,2019-12-03,1
36,1,71,72,72,2019-11-29,1
37,1,73,74,73,2019-11-24,1
38,1,75,76,76,2019-11-24,1
39,1,77,78,77,2019-11-28,1
40,1,79,80,79,2019-12-01,1
41,1,81,82,81,2019-12-06,1
42,1,83,84,83,2019-12-07,1
43,1,85,86,85,2019-11-30,1
44,1,87,88,88,2019-12-02,1
45,1,89,90,89,2019-11-25,1
46,1,91,92,91,2019-12-05,1
47,1,93,94,94,2019-11-30,1
48,1,95,96,96,2019-12-01,1
49,1,97,98,97,2019-12-03,1
50,1,99,100,100,2019-12-03,1
51,1,101,102,102,2019-12-03,1
52,1,103,104,103,2019-11-25,1
53,1,105,106,106,2019-11-27,1
54,1,107,108,107,2019-11-27,1
55,1,109,110,110,2019-11-29,1
56,1,111,112,112,2019-11-30,1
57,1,113,114,113,2019-12-02,1
58,1,115,116,116,2019-11-25,1
59,1,117,118,118,2019-11-24,1
60,1,119,120,119,2019-12-05,1
61,1,121,122,122,2019-12-04,1
62,1,123,124,123,2019-11-27,1
63,1,125,126,125,2019-12-05,1
64,1,127,128,127,2019-11-25,1
65,1,2,4,2,2019-11-27,2
66,1,5,8,8,2019-12-02,2
67,1,10,12,12,2019-12-03,2
68,1,14,16,14,2019-11-24,2
69,1,18,19,18,2019-12-05,2
70,1,21,24,21,2019-12-03,2
71,1,25,27,25,2019-12-05,2
72,1,30,31,30,2019-11-25,2
73,1,34,35,34,2019-11-26,2
74,1,37,40,40,2019-12-05,2
75,1,42,43,43,2019-11-27,2
76,1,46,48,46,2019-11-24,2
77,1,50,51,50,2019-11-24,2
78,1,54,56,56,2019-11-27,2
79,1,58,59,59,2019-12-01,2
80,1,61,63,63,2019-11-26,2
81,1,66,67,67,2019-12-07,2
82,1,70,72,72,2019-12-02,2
83,1,73,76,73,2019-11-28,2
84,1,77,79,79,2019-12-03,2
85,1,81,83,81,2019-12-05,2
86,1,85,88,88,2019-11-26,2
87,1,89,91,91,2019-11-25,2
88,1,94,96,94,2019-12-05,2
89,1,97,100,97,2019-12-02,2
90,1,102,103,102,2019-11-27,2
91,1,106,107,107,2019-12-01,2
92,1,110,112,110,2019-11-27,2
93,1,113,116,113,2019-12-03,2
94,1,118,119,119,2019-12-01,2
95,1,122,123,122,2019-11-26,2
96,1,125,127,127,2019-12-06,2
97,1,2,8,8,2019-11-28,3
98,1,12,14,12,2019-11-24,3
99,1,18,21,18,2019-12-03,3
100,1,25,30,25,2019-12-04,3
101,1,34,40,34,2019-12-03,3
102,1,43,46,43,2019-11-28,3
103,1,50,56,50,2019-12-05,3
104,1,59,63,59,2019-12-02,3
105,1,67,72,67,2019-11-25,3
106,1,73,79,73,2019-11-25,3
107,1,81,88,81,2019-11-24,3
108,1,91,94,94,2019-12-05,3
109,1,97,102,97,2019-11-30,3
110,1,107,110,110,2019-11-24,3
111,1,113,119,113,2019-12-06,3
112,1,122,127,122,2019-12-07,3
113,1,8,12,8,2019-12-07,4
114,1,18,25,18,2019-11-29,4
115,1,34,43,34,2019-11-29,4
116,1,50,59,50,2019-11-26,4
117,1,67,73,73,2019-12-06,4
118,1,81,94,81,2019-12-06,4
119,1,97,110,97,2019-12-04,4
120,1,113,122,113,2019-12-06,4
121,1,8,18,18,2019-12-01,5
122,1,34,50,34,2019-11-26,5
123,1,73,81,81,2019-11-27,5
124,1,97,113,97,2019-12-04,5
125,1,18,34,18,2019-12-07,6
126,1,81,97,81,2019-12-04,6
127,1,18,81,81,2019-11-26,7
128,2,1,2,2,2019-06-01,1
129,2,3,4,4,2019-06-09,1
130,2,5,6,5,2019-05-31,1
131,2,7,8,7,2019-06-01,1
132,2,9,10,10,2019-06-09,1
133,2,11,12,11,2019-06-02,1
134,2,13,14,13,2019-05-30,1
135,2,15,16,16,2019-06-09,1
136,2,17,18,17,2019-06-09,1
137,2,19,20,20,2019-06-09,1
138,2,21,22,22,2019-05-30,1
139,2,23,24,24,2019-06-11,1
140,2,25,26,25,2019-06-06,1
141,2,27,28,27,2019-06-05,1
142,2,29,30,29,2019-05-31,1
143,2,31,32,31,2019-06-07,1
144,2,33,34,33,2019-05-31,1
145,2,35,36,36,2019-06-01,1
146,2,37,38,38,2019-06-07,1
147,2,39,40,39,2019-05-30,1
148,2,41,42,42,2019-06-07,1
149,2,43,44,43,2019-06-07,1
150,2,45,46,45,2019-06-03,1
151,2,47,48,48,2019-05-30,1
152,2,49,50,50,2019-06-04,1
153,2,51,52,52,2019-06-07,1
154,2,53,54,54,2019-05-31,1
155,2,55,56,56,2019-06-02,1
156,2,57,58,58,2019-06-04,1
157,2,59,60,59,2019-05-30,1
158,2,61,62,61,2019-06-03,1
159,2,63,64,64,2019-06-01,1
160,2,65,66,65,2019-05-30,1
161,2,67,68,68,2019-06-06,1
162,2,69,70,69,2019-06-07,1
163,2,71,72,72,2019-05-30,1
164,2,73,74,73,2019-06-04,1
165,2,75,76,75,2019-06-02,1
166,2,77,78,78,2019-06-03,1
167,2,79,80,80,2019-06-10,1
168,2,81,82,82,2019-06-01,1
169,2,83,84,84,2019-06-10,1
170,2,85,86,85,2019-06-07,1
171,2,87,88,88,2019-06-05,1
172,2,89,90,90,2019-06-02,1
173,2,91,92,92,2019-05-30,1
174,2,93,94,93,2019-06-04,1
175,2,95,96,95,2019-06-07,1
176,2,97,98,97,2019-06-07,1
177,2,99,100,100,2019-06-10,1
178,2,101,102,101,2019-06-06,1
179,2,103,104,103,2019-06-06,1
180,2,105,106,105,2019-06-12,1
181,2,107,108,108,2019-06-06,1
182,2,109,110,110,2019-06-03,1
183,2,111,112,112,2019-05-31,1
184,2,113,114,113,2019-06-01,1
185,2,115,116,116,2019-06-11,1
186,2,117,118,118,2019-06-06,1
187,2,119,120,119,2019-06-02,1
188,2,121,122,121,2019-06-08,1
189,2,123,124,124,2019-06-02,1
190,2,125,126,125,2019-06-02,1
191,2,127,128,128,2019-06-04,1
192,2,2,4,2,2019-06-06,2
193,2,5,7,7,2019-06-11,2
194,2,10,11,11,2019-06-04,2
195,2,13,16,13,2019-06-04,2
196,2,17,20,17,2019-06-03,2
197,2,22,24,24,2019-06-06,2
198,2,25,27,27,2019-06-08,2
199,2,29,31,31,2019-06-09,2
200,2,33,36,36,2019-05-31,2
201,2,38,39,38,2019-06-02,2
202,2,42,43,43,2019-05-30,2
203,2,45,48,45,2019-06-08,2
204,2,50,52,50,2019-05-31,2
205,2,54,56,54,2019-05-31,2
206,2,58,59,58,2019-06-02,2
207,2,61,64,64,2019-06-09,2
208,2,65,68,68,2019-06-06,2
209,2,69,72,72,2019-06-12,2
210,2,73,75,73,2019-06-09,2
211,2,78,80,78,2019-06-02,2
212,2,82,84,82,2019-06-09,2
213,2,85,88,85,2019-06-06,2
214,2,90,92,90,2019-06-07,2
215,2,93,95,93,2019-06-01,2
216,2,97,100,97,2019-06-05,2
217,2,101,103,101,2019-06-09,2
218,2,105,108,108,2019-06-07,2
219,2,110,112,112,2019-06-11,2
220,2,113,116,113,2019-05-31,2
221,2,118,119,118,2019-06-08,2
222,2,121,124,124,2019-06-08,2
223,2,125,128,128,2019-05-30,2
224,2,2,7,2,2019-06-09,3
225,2,11,13,11,2019-06-06,3
226,2,17,24,24,2019-06-09,3
227,2,27,31,31,2019-06-03,3
228,2,36,38,36,2019-06-08,3
229,2,43,45,45,2019-06-06,3
230,2,50,54,50,2019-06-10,3
231,2,58,64,64,2019-06-01,3
232,2,68,72,68,2019-06-03,3
233,2,73,78,73,2019-06-01,3
234,2,82,85,85,2019-06-05,3
235,2,90,93,90,2019-06-01,3
236,2,97,101,97,2019-06-12,3
237,2,108,112,108,2019-06-02,3
238,2,113,118,113,2019-06-09,3
239,2,124,128,128,2019-06-08,3
240,2,2,11,11,2019-06-03,4
241,2,24,31,31,2019-06-09,4
242,2,36,45,36,2019-06-09,4
243,2,50,64,64,2019-06-03,4
244,2,68,73,73,2019-06-05,4
245,2,85,90,90,2019-06-10,4
246,2,97,108,108,2019-06-07,4
247,2,113,128,113,2019-06-11,4
248,2,11,31,11,2019-06-02,5
249,2,36,64,64,2019-06-07,5
250,2,73,90,90,2019-06-10,5
251,2,108,113,108,2019-06-01,5
252,2,11,64,11,2019-06-10,6
253,2,90,108,90,2019-06-03,6
254,2,11,90,90,2019-06-06,7
255,3,1,2,2,2019-10-22,1
256,3,3,4,4,2019-11-01,1
257,3,5,6,6,2019-11-02,1
258,3,7,8,7,2019-10-22,1
259,3,9,10,10,2019-10-27,1
260,3,11,12,11,2019-10-29,1
261,3,13,14,13,2019-10-24,1
262,3,15,16,16,2019-10-29,1
263,3,17,18,17,2019-11-04,1
264,3,19,20,19,2019-10-25,1
265,3,21,22,22,2019-11-01,1
266,3,23,24,24,2019-11-02,1
267,3,25,26,26,2019-10-24,1
268,3,27,28,27,2019-11-03,1
269,3,29,30,30,2019-10-27,1
270,3,31,32,31,2019-11-04,1
271,3,33,34,34,2019-10-31,1
272,3,35,36,35,2019-10-28,1
273,3,37,38,37,2019-10-22,1
274,3,39,40,40,2019-10-24,1
275,3,41,42,41,2019-10-28,1
276,3,43,44,43,2019-10-22,1
277,3,45,46,46,2019-10-22,1
278,3,47,48,48,2019-10-28,1
279,3,49,50,50,2019-10-31,1
280,3,51,52,52,2019-11-03,1
281,3,53,54,54,2019-10-31,1
282,3,55,56,55,2019-11-01,1
283,3,57,58,57,2019-10-24,1
284,3,59,60,60,2019-10-28,1
285,3,61,62,62,2019-10-30,1
286,3,63,64,64,2019-10-28,1
287,3,65,66,66,2019-10-26,1
288,3,67,68,67,2019-10-24,1
289,3,69,70,70,2019-10-22,1
290,3,71,72,71,2019-10-23,1
291,3,73,74,74,2019-10-28,1
292,3,75,76,76,2019-10-29,1
293,3,77,78,77,2019-11-03,1
294,3,79,80,80,2019-10-30,1
295,3,81,82,82,2019-10-24,1
296,3,83,84,83,2019-11-03,1
297,3,85,86,85,2019-10-28,1
298,3,87,88,88,2019-10-25,1
299,3,89,90,89,2019-10-23,1
300,3,91,92,91,2019-11-01,1
301,3,93,94,93,2019-10-29,1
302,3,95,96,95,2019-10-28,1
303,3,97,98,97,2019-11-03,1
304,3,99,100,99,2019-10-25,1
305,3,101,102,102,2019-11-04,1
306,3,103,104,103,2019-11-03,1
307,3,105,106,105,2019-10-27,1
308,3,107,108,108,2019-11-03,1
309,3,109,110,110,2019-10-24,1
310,3,111,112,112,2019-10-31,1
311,3,113,114,114,2019-11-04,1
312,3,115,116,115,2019-10-31,1
313,3,117,118,118,2019-10-28,1
314,3,119,120,119,2019-10-29,1
315,3,121,122,122,2019-11-01,1
316,3,123,124,123,2019-10-31,1
317,3,125,126,126,2019-11-04,1
318,3,127,128,127,2019-10-25,1
319,3,2,4,4,2019-10-25,2
320,3,6,7,6,2019-10-24,2
321,3,10,11,11,2019-10-24,2
322,3,13,16,13,2019-10-31,2
323,3,17,19,17,2019-10-31,2
324,3,22,24,22,2019-11-02,2
325,3,26,27,27,2019-10-25,2
326,3,30,31,30,2019-11-04,2
327,3,34,35,34,2019-10-29,2
328,3,37,40,40,2019-10-30,2
329,3,41,43,43,2019-11-02,2
330,3,46,48,48,2019-11-01,2
331,3,50,52,50,2019-10-27,2
332,3,54,55,54,2019-11-02,2
333,3,57,60,57,2019-11-02,2
334,3,62,64,62,2019-11-03,2
335,3,66,67,66,2019-10-29,2
336,3,70,71,70,2019-11-02,2
337,3,74,76,76,2019-10-23,2
338,3,77,80,80,2019-11-01,2
339,3,82,83,83,2019-10-29,2
340,3,85,88,85,2019-10-25,2
341,3,89,91,89,2019-11-03,2
342,3,93,95,95,2019-10-23,2
343,3,97,99,97,2019-10-27,2
344,3,102,103,103,2019-10-22,2
345,3,105,108,108,2019-10-30,2
346,3,110,112,112,2019-11-02,2
347,3,114,115,115,2019-10-31,2
348,3,118,119,119,2019-10-22,2
349,3,122,123,123,2019-11-03,2
350,3,126,127,126,2019-10-23,2
351,3,4,6,4,2019-10-23,3
352,3,11,13,11,2019-10-31,3
353,3,17,22,22,2019-10-22,3
354,3,27,30,30,2019-10-30,3
355,3,34,40,40,2019-10-22,3
356,3,43,48,43,2019-10-24,3
357,3,50,54,50,2019-10-22,3
358,3,57,62,62,2019-10-28,3
359,3,66,70,66,2019-10-29,3
360,3,76,80,80,2019-10-27,3
361,3,83,85,85,2019-10-25,3
362,3,89,95,95,2019-11-04,3
363,3,97,103,97,2019-10-28,3
364,3,108,112,108,2019-10-26,3
365,3,115,119,115,2019-10-24,3
366,3,123,126,123,2019-11-01,3
367,3,4,11,4,2019-11-02,4
368,3,22,30,22,2019-10-30,4
369,3,40,43,40,2019-10-31,4
370,3,50,62,62,2019-10-26,4
371,3,66,80,66,2019-10-30,4
372,3,85,95,95,2019-11-01,4
373,3,97,108,108,2019-11-01,4
374,3,115,123,115,2019-10-25,4
375,3,4,22,4,2019-11-01,5
376,3,40,62,62,2019-10-25,5
377,3,66,95,95,2019-11-03,5
378,3,108,115,115,2019-10-29,5
379,3,4,62,4,2019-10-25,6
380,3,95,115,95,2019-10-27,6
381,3,4,95,4,2019-10-26,7
382,4,1,2,2,2019-12-22,1
383,4,3,4,3,2019-12-20,1
384,4,5,6,6,2019-12-21,1
385,4,7,8,8,2019-12-22,1
386,4,9,10,10,2019-12-23,1
387,4,11,12,12,2019-12-21,1
388,4,13,14,13,2019-12-17,1
389,4,15,16,15,2019-12-16,1
390,4,17,18,17,2019-12-22,1
391,4,19,20,19,2019-12-16,1
392,4,21,22,22,2019-12-13,1
393,4,23,24,24,2019-12-21,1
394,4,25,26,26,2019-12-12,1
395,4,27,28,27,2019-12-17,1
396,4,29,30,30,2019-12-14,1
397,4,31,32,32,2019-12-16,1
398,4,33,34,34,2019-12-20,1
399,4,35,36,36,2019-12-13,1
400,4,37,38,38,2019-12-16,1
401,4,39,40,40,2019-12-17,1
402,4,41,42,41,2019-12-19,1
403,4,43,44,43,2019-12-14,1
404,4,45,46,45,2019-12-24,1
405,4,47,48,47,2019-12-18,1
406,4,49,50,50,2019-12-20,1
407,4,51,52,52,2019-12-21,1
408,4,53,54,53,2019-12-23,1
409,4,55,56,55,2019-12-13,1
410,4,57,58,58,2019-12-24,1
411,4,59,60,60,2019-12-25,1
412,4,61,62,61,2019-12-22,1
413,4,63,64,64,2019-12-23,1
414,4,65,66,65,2019-12-23,1
415,4,67,68,67,2019-12-18,1
416,4,69,70,70,2019-12-23,1
417,4,71,72,72,2019-12-17,1
418,4,73,74,73,2019-12-20,1
419,4,75,76,76,2019-12-18,1
420,4,77,78,78,2019-12-13,1
421,4,79,80,80,2019-12-13,1
422,4,81,82,81,2019-12-13,1
423,4,83,84,83,2019-12-15,1
424,4,85,86,86,2019-12-20,1
425,4,87,88,87,2019-12-12,1
426,4,89,90,89,2019-12-19,1
427,4,91,92,91,2019-12-12,1
428,4,93,94,93,2019-12-15,1
429,4,95,96,96,2019-12-13,1
430,4,97,98,97,2019-12-22,1
431,4,99,100,100,2019-12-17,1
432,4,101,102,101,2019-12-21,1
433,4,103,104,104,2019-12-25,1
434,4,105,106,106,2019-12-17,1
435,4,107,108,107,2019-12-23,1
436,4,109,110,109,2019-12-16,1
437,4,111,112,112,2019-12-20,1
438,4,113,114,114,2019-12-14,1
439,4,115,116,115,2019-12-14,1
440,4,117,118,118,2019-12-19,1
441,4,119,120,119,2019-12-19,1
442,4,121,122,122,2019-12-25,1
443,4,123,124,124,2019-12-23,1
444,4,125,126,125,2019-12-19,1
445,4,127,128,127,2019-12-18,1
446,4,2,3,2,2019-12-12,2
447,4,6,8,8,2019-12-24,2
448,4,10,12,12,2019-12-13,2
449,4,13,15,15,2019-12-16,2
450,4,17,19,17,2019-12-20,2
451,4,22,24,24,2019-12-13,2
452,4,26,27,27,2019-12-17,2
453,4,30,32,30,2019-12-24,2
454,4,34,36,34,2019-12-20,2
455,4,38,40,38,2019-12-16,2
456,4,41,43,43,2019-12-16,2
457,4,45,47,47,2019-12-18,2
458,4,50,52,50,2019-12-19,2
459,4,53,55,53,2019-12-19,2
460,4,58,60,58,2019-12-24,2
461,4,61,64,61,2019-12-21,2
462,4,65,67,67,2019-12-18,2
463,4,70,72,72,2019-12-23,2
464,4,73,76,73,2019-12-20,2
465,4,78,80,78,2019-12-17,2
466,4,81,83,83,2019-12-13,2
467,4,86,87,87,2019-12-19,2
468,4,89,91,89,2019-12-25,2
469,4,93,96,93,2019-12-13,2
470,4,97,100,100,2019-12-12,2
471,4,101,104,101,2019-12-23,2
472,4,106,107,106,2019-12-24,2
473,4,109,112,112,2019-12-22,2
474,4,114,115,114,2019-12-13,2
475,4,118,119,118,2019-12-22,2
476,4,122,124,124,2019-12-23,2
477,4,125,127,127,2019-12-23,2
478,4,2,8,8,2019-12-22,3
479,4,12,15,12,2019-12-14,3
480,4,17,24,24,2019-12-14,3
481,4,27,30,30,2019-12-13,3
482,4,34,38,38,2019-12-17,3
483,4,43,47,43,2019-12-14,3
484,4,50,53,53,2019-12-15,3
485,4,58,61,58,2019-12-22,3
486,4,67,72,67,2019-12-17,3
487,4,73,78,78,2019-12-22,3
488,4,83,87,83,2019-12-13,3
489,4,89,93,93,2019-12-22,3
490,4,100,101,101,2019-12-25,3
491,4,106,112,106,2019-12-21,3
492,4,114,118,114,2019-12-12,3
493,4,124,127,124,2019-12-16,3
494,4,8,12,12,2019-12-18,4
495,4,24,30,24,2019-12-23,4
496,4,38,43,38,2019-12-17,4
497,4,53,58,53,2019-12-15,4
498,4,67,78,67,2019-12-18,4
499,4,83,93,83,2019-12-20,4
500,4,101,106,101,2019-12-19,4
501,4,114,124,114,2019-12-22,4
502,4,12,24,24,2019-12-14,5
503,4,38,53,53,2019-12-25,5
504,4,67,83,67,2019-12-18,5
505,4,101,114,101,2019-12-25,5
506,4,24,53,24,2019-12-16,6
507,4,67,101,67,2019-12-19,6
508,4,24,67,67,2019-12-22,7
509,5,1,2,1,2020-06-24,1
510,5,3,4,4,2020-06-23,1
511,5,5,6,6,2020-06-25,1
512,5,7,8,8,2020-06-18,1
513,5,9,10,9,2020-06-18,1
514,5,11,12,11,2020-06-17,1
515,5,13,14,13,2020-06-12,1
516,5,15,16,16,2020-06-14,1
517,5,17,18,18,2020-06-14,1
518,5,19,20,20,2020-06-16,1
519,5,21,22,22,2020-06-22,1
520,5,23,24,24,2020-06-18,1
521,5,25,26,26,2020-06-17,1
522,5,27,28,27,2020-06-18,1
523,5,29,30,29,2020-06-12,1
524,5,31,32,31,2020-06-24,1
525,5,33,34,34,2020-06-24,1
526,5,35,36,35,2020-06-22,1
527,5,37,38,38,2020-06-13,1
528,5,39,40,39,2020-06-14,1
529,5,41,42,41,2020-06-21,1
530,5,43,44,43,2020-06-18,1
531,5,45,46,46,2020-06-14,1
532,5,47,48,47,2020-06-25,1
533,5,49,50,49,2020-06-20,1
534,5,51,52,51,2020-06-17,1
535,5,53,54,54,2020-06-25,1
536,5,55,56,56,2020-06-18,1
537,5,57,58,58,2020-06-17,1
538,5,59,60,59,2020-06-17,1
539,5,61,62,61,2020-06-13,1
540,5,63,64,63,2020-06-24,1
541,5,65,66,66,2020-06-19,1
542,5,67,68,67,2020-06-19,1
543,5,69,70,69,2020-06-17,1
544,5,71,72,71,2020-06-21,1
545,5,73,74,74,2020-06-23,1
546,5,75,76,76,2020-06-18,1
547,5,77,78,78,2020-06-16,1
548,5,79,80,79,2020-06-15,1
549,5,81,82,82,2020-06-12,1
550,5,83,84,84,2020-06-25,1
551,5,85,86,86,2020-06-24,1
552,5,87,88,87,2020-06-19,1
553,5,89,90,89,2020-06-20,1
554,5,91,92,92,2020-06-12,1
555,5,93,94,94,2020-06-15,1
556,5,95,96,95,2020-06-21,1
557,5,97,98,98,2020-06-15,1
558,5,99,100,100,2020-06-16,1
559,5,101,102,101,2020-06-24,1
560,5,103,104,104,2020-06-13,1
561,5,105,106,106,2020-06-15,1
562,5,107,108,108,2020-06-17,1
563,5,109,110,109,2020-06-24,1
564,5,111,112,112,2020-06-25,1
565,5,113,114,114,2020-06-17,1
566,5,115,116,116,2020-06-17,1
567,5,117,118,117,2020-06-15,1
568,5,119,120,119,2020-06-17,1
569,5,121,122,121,2020-06-21,1
570,5,123,124,124,2020-06-20,1
571,5,125,126,125,2020-06-15,1
572,5,127,128,127,2020-06-24,1
573,5,1,4,4,2020-06-14,2
574,5,6,8,8,2020-06-12,2
575,5,9,11,9,2020-06-24,2
576,5,13,16,16,2020-06-20,2
577,5,18,20,20,2020-06-23,2
578,5,22,24,22,2020-06-23,2
579,5,26,27,26,2020-06-19,2
580,5,29,31,31,2020-06-12,2
581,5,34,35,35,2020-06-17,2
582,5,38,39,38,2020-06-25,2
583,5,41,43,43,2020-06-15,2
584,5,46,47,47,2020-06-24,2
585,5,49,51,49,2020-06-23,2
586,5,54,56,56,2020-06-25,2
587,5,58,59,58,2020-06-19,2
588,5,61,63,63,2020-06-13,2
589,5,66,67,66,2020-06-18,2
590,5,69,71,71,2020-06-15,2
591,5,74,76,76,2020-06-21,2
592,5,78,79,78,2020-06-16,2
593,5,82,84,82,2020-06-19,2
594,5,86,87,87,2020-06-19,2
595,5,89,92,89,2020-06-21,2
596,5,94,95,95,2020-06-13,2
597,5,98,100,98,2020-06-17,2
598,5,101,104,104,2020-06-12,2
599,5,106,108,108,2020-06-19,2
600,5,109,112,109,2020-06-18,2
601,5,114,116,116,2020-06-20,2
602,5,117,119,117,2020-06-22,2
603,5,121,124,124,2020-06-17,2
604,5,125,127,127,2020-06-18,2
605,5,4,8,4,2020-06-20,3
606,5,9,16,9,2020-06-15,3
607,5,20,22,22,2020-06-19,3
608,5,26,31,26,2020-06-12,3
609,5,35,38,35,2020-06-20,3
610,5,43,47,47,2020-06-25,3
611,5,49,56,56,2020-06-25,3
612,5,58,63,63,2020-06-13,3
613,5,66,71,71,2020-06-15,3
614,5,76,78,76,2020-06-20,3
615,5,82,87,87,2020-06-12,3
616,5,89,95,95,2020-06-23,3
617,5,98,104,104,2020-06-13,3
618,5,108,109,108,2020-06-12,3
619,5,116,117,116,2020-06-17,3
620,5,124,127,124,2020-06-13,3
621,5,4,9,4,2020-06-12,4
622,5,22,26,26,2020-06-17,4
623,5,35,47,47,2020-06-19,4
624,5,56,63,63,2020-06-13,4
625,5,71,76,71,2020-06-13,4
626,5,87,95,87,2020-06-20,4
627,5,104,108,104,2020-06-22,4
628,5,116,124,116,2020-06-15,4
629,5,4,26,26,2020-06-17,5
630,5,47,63,63,2020-06-22,5
631,5,71,87,87,2020-06-22,5
632,5,104,116,104,2020-06-15,5
633,5,26,63,26,2020-06-20,6
634,5,87,104,87,2020-06-19,6
635,5,26,87,87,2020-06-16,7
636,6,1,2,2,2020-01-23,1
637,6,3,4,4,2020-01-25,1
638,6,5,6,6,2020-01-25,1
639,6,7,8,8,2020-01-16,1
640,6,9,10,10,2020-01-25,1
641,6,11,12,11,2020-01-22,1
642,6,13,14,13,2020-01-28,1
643,6,15,16,15,2020-01-28,1
644,6,17,18,17,2020-01-27,1
645,6,19,20,20,2020-01-17,1
646,6,21,22,22,2020-01-29,1
647,6,23,24,24,2020-01-18,1
648,6,25,26,25,2020-01-25,1
649,6,27,28,28,2020-01-25,1
650,6,29,30,30,2020-01-20,1
651,6,31,32,32,2020-01-16,1
652,6,33,34,34,2020-01-28,1
653,6,35,36,35,2020-01-19,1
654,6,37,38,38,2020-01-28,1
655,6,39,40,40,2020-01-19,1
656,6,41,42,42,2020-01-17,1
657,6,43,44,44,2020-01-24,1
658,6,45,46,45,2020-01-21,1
659,6,47,48,48,2020-01-20,1
660,6,49,50,50,2020-01-21,1
661,6,51,52,51,2020-01-16,1
662,6,53,54,54,2020-01-20,1
663,6,55,56,55,2020-01-29,1
664,6,57,58,57,2020-01-20,1
665,6,59,60,59,2020-01-17,1
666,6,61,62,62,2020-01-26,1
667,6,63,64,64,2020-01-18,1
668,6,65,66,66,2020-01-27,1
669,6,67,68,67,2020-01-19,1
670,6,69,70,69,2020-01-16,1
671,6,71,72,71,2020-01-22,1
672,6,73,74,74,2020-01-24,1
673,6,75,76,75,2020-01-25,1
674,6,77,78,78,2020-01-16,1
675,6,79,80,79,2020-01-16,1
676,6,81,82,81,2020-01-28,1
677,6,83,84,83,2020-01-18,1
678,6,85,86,86,2020-01-24,1
679,6,87,88,88,2020-01-23,1
680,6,89,90,89,2020-01-19,1
681,6,91,92,91,2020-01-27,1
682,6,93,94,94,2020-01-21,1
683,6,95,96,95,2020-01-28,1
684,6,97,98,97,2020-01-24,1
685,6,99,100,100,2020-01-19,1
686,6,101,102,102,2020-01-25,1
687,6,103,104,104,2020-01-24,1
688,6,105,106,106,2020-01-22,1
689,6,107,108,107,2020-01-27,1
690,6,109,110,110,2020-01-25,1
691,6,111,112,112,2020-01-16,1
692,6,113,114,114,2020-01-23,1
693,6,115,116,115,2020-01-28,1
694,6,117,118,118,2020-01-22,1
695,6,119,120,119,2020-01-29,1
696,6,121,122,122,2020-01-27,1
697,6,123,124,123,2020-01-16,1
698,6,125,126,125,2020-01-28,1
699,6,127,128,127,2020-01-29,1
700,6,2,4,4,2020-01-29,2
701,6,6,8,8,2020-01-22,2
702,6,10,11,11,2020-01-16,2
703,6,13,15,15,2020-01-27,2
704,6,17,20,20,2020-01-25,2
705,6,22,24,24,2020-01-18,2
706,6,25,28,25,2020-01-25,2
707,6,30,32,30,2020-01-24,2
708,6,34,35,35,2020-01-28,2
709,6,38,40,38,2020-01-17,2
710,6,42,44,42,2020-01-16,2
711,6,45,48,48,2020-01-22,2
712,6,50,51,50,2020-01-16,2
713,6,54,55,54,2020-01-22,2
714,6,57,59,57,2020-01-23,2
715,6,62,64,62,2020-01-21,2
716,6,66,67,67,2020-01-28,2
717,6,69,71,69,2020-01-28,2
718,6,74,75,74,2020-01-24,2
719,6,78,79,78,2020-01-25,2
720,6,81,83,83,2020-01-22,2
721,6,86,88,86,2020-01-21,2
722,6,89,91,91,2020-01-18,2
723,6,94,95,95,2020-01-29,2
724,6,97,100,100,2020-01-23,2
725,6,102,104,104,2020-01-21,2
726,6,106,107,106,2020-01-28,2
727,6,110,112,112,2020-01-24,2
728,6,114,115,115,2020-01-19,2
729,6,118,119,119,2020-01-19,2
730,6,122,123,123,2020-01-24,2
731,6,125,127,127,2020-01-16,2
732,6,4,8,4,2020-01-17,3
733,6,11,15,15,2020-01-29,3
734,6,20,24,24,2020-01-19,3
735,6,25,30,25,2020-01-24,3
736,6,35,38,35,2020-01-24,3
737,6,42,48,42,2020-01-23,3
738,6,50,54,50,2020-01-23,3
739,6,57,62,62,2020-01-23,3
740,6,67,69,67,2020-01-28,3
741,6,74,78,78,2020-01-25,3
742,6,83,86,83,2020-01-26,3
743,6,91,95,91,2020-01-20,3
744,6,100,104,100,2020-01-16,3
745,6,106,112,112,2020-01-19,3
746,6,115,119,115,2020-01-29,3
747,6,123,127,127,2020-01-17,3
748,6,4,15,4,2020-01-26,4
749,6,24,25,25,2020-01-19,4
750,6,35,42,35,2020-01-24,4
751,6,50,62,62,2020-01-16,4
752,6,67,78,67,2020-01-27,4
753,6,83,91,83,2020-01-22,4
754,6,100,112,112,2020-01-20,4
755,6,115,127,127,2020-01-17,4
756,6,4,25,25,2020-01-29,5
757,6,35,62,62,2020-01-26,5
758,6,67,83,83,2020-01-22,5
759,6,112,127,112,2020-01-20,5
760,6,25,62,25,2020-01-28,6
761,6,83,112,83,2020-01-20,6
762,6,25,83,83,2020-01-17,7
763,7,1,2,1,2020-04-13,1
764,7,3,4,3,2020-04-12,1
765,7,5,6,6,2020-04-22,1
766,7,7,8,7,2020-04-23,1
767,7,9,10,9,2020-04-19,1
768,7,11,12,12,2020-04-20,1
769,7,13,14,14,2020-04-16,1
770,7,15,16,16,2020-04-17,1
771,7,17,18,18,2020-04-16,1
772,7,19,20,20,2020-04-10,1
773,7,21,22,22,2020-04-20,1
774,7,23,24,24,2020-04-16,1
775,7,25,26,25,2020-04-16,1
776,7,27,28,27,2020-04-23,1
777,7,29,30,30,2020-04-22,1
778,7,31,32,31,2020-04-23,1
779,7,33,34,33,2020-04-17,1
780,7,35,36,36,2020-04-18,1
781,7,37,38,38,2020-04-14,1
782,7,39,40,40,2020-04-20,1
783,7,41,42,41,2020-04-13,1
784,7,43,44,44,2020-04-10,1
785,7,45,46,46,2020-04-22,1
786,7,47,48,48,2020-04-13,1
787,7,49,50,50,2020-04-23,1
788,7,51,52,51,2020-04-19,1
789,7,53,54,53,2020-04-18,1
790,7,55,56,55,2020-04-21,1
791,7,57,58,57,2020-04-10,1
792,7,59,60,59,2020-04-23,1
793,7,61,62,61,2020-04-19,1
794,7,63,64,64,2020-04-15,1
795,7,65,66,65,2020-04-10,1
796,7,67,68,68,2020-04-18,1
797,7,69,70,69,2020-04-22,1
798,7,71,72,72,2020-04-13,1
799,7,73,74,74,2020-04-14,1
800,7,75,76,75,2020-04-18,1
801,7,77,78,77,2020-04-22,1
802,7,79,80,79,2020-04-10,1
803,7,81,82,82,2020-04-16,1
804,7,83,84,83,2020-04-23,1
805,7,85,86,85,2020-04-15,1
806,7,87,88,88,2020-04-16,1
807,7,89,90,90,2020-04-14,1
808,7,91,92,92,2020-04-20,1
809,7,93,94,94,2020-04-11,1
810,7,95,96,95,2020-04-23,1
811,7,97,98,98,2020-04-20,1
812,7,99,100,99,2020-04-15,1
813,7,101,102,102,2020-04-20,1
814,7,103,104,104,2020-04-22,1
815,7,105,106,106,2020-04-12,1
816,7,107,108,108,2020-04-14,1
817,7,109,110,110,2020-04-13,1
818,7,111,112,111,2020-04-20,1
819,7,113,114,113,2020-04-11,1
820,7,115,116,115,2020-04-20,1
821,7,117,118,117,2020-04-19,1
822,7,119,120,119,2020-04-16,1
823,7,121,122,122,2020-04-16,1
824,7,123,124,123,2020-04-20,1
825,7,125,126,125,2020-04-18,1
826,7,127,128,128,2020-04-17,1
827,7,1,3,1,2020-04-12,2
828,7,6,7,7,2020-04-17,2
829,7,9,12,9,2020-04-10,2
830,7,14,16,14,2020-04-21,2
831,7,18,20,20,2020-04-10,2
832,7,22,24,24,2020-04-16,2
833,7,25,27,25,2020-04-14,2
834,7,30,31,31,2020-04-19,2
835,7,33,36,33,2020-04-19,2
836,7,38,40,40,2020-04-20,2
837,7,41,44,41,2020-04-19,2
838,7,46,48,46,2020-04-10,2
839,7,50,51,50,2020-04-21,2
840,7,53,55,55,2020-04-18,2
841,7,57,59,59,2020-04-23,2
842,7,61,64,61,2020-04-13,2
843,7,65,68,68,2020-04-23,2
844,7,69,72,72,2020-04-16,2
845,7,74,75,75,2020-04-17,2
846,7,77,79,77,2020-04-10,2
847,7,82,83,82,2020-04-19,2
848,7,85,88,85,2020-04-21,2
849,7,90,92,92,2020-04-22,2
850,7,94,95,95,2020-04-13,2
851,7,98,99,98,2020-04-11,2
852,7,102,104,102,2020-04-11,2
853,7,106,108,108,2020-04-23,2
854,7,110,111,110,2020-04-18,2
855,7,113,115,113,2020-04-18,2
856,7,117,119,117,2020-04-10,2
857,7,122,123,122,2020-04-11,2
858,7,125,128,125,2020-04-14,2
859,7,1,7,7,2020-04-12,3
860,7,9,14,9,2020-04-23,3
861,7,20,24,20,2020-04-21,3
862,7,25,31,25,2020-04-11,3
863,7,33,40,33,2020-04-17,3
864,7,41,46,46,2020-04-10,3
865,7,50,55,55,2020-04-17,3
866,7,59,61,59,2020-04-19,3
867,7,68,72,72,2020-04-13,3
868,7,75,77,75,2020-04-16,3
869,7,82,85,82,2020-04-19,3
870,7,92,95,95,2020-04-13,3
871,7,98,102,102,2020-04-13,3
872,7,108,110,110,2020-04-19,3
873,7,113,117,117,2020-04-17,3
874,7,122,125,122,2020-04-22,3
875,7,7,9,7,2020-04-11,4
876,7,20,25,20,2020-04-13,4
877,7,33,46,46,2020-04-13,4
878,7,55,59,59,2020-04-13,4
879,7,72,75,75,2020-04-21,4
880,7,82,95,82,2020-04-11,4
881,7,102,110,110,2020-04-22,4
882,7,117,122,117,2020-04-11,4
883,7,7,20,20,2020-04-23,5
884,7,46,59,46,2020-04-19,5
885,7,75,82,82,2020-04-14,5
886,7,110,117,117,2020-04-18,5
887,7,20,46,46,2020-04-12,6
888,7,82,117,82,2020-04-11,6
889,7,46,82,46,2020-04-23,7
890,8,1,2,1,2020-07-21,1
891,8,3,4,4,2020-07-23,1
892,8,5,6,5,2020-07-21,1
893,8,7,8,8,2020-07-23,1
894,8,9,10,10,2020-07-24,1
895,8,11,12,11,2020-07-23,1
896,8,13,14,14,2020-07-23,1
897,8,15,16,16,2020-07-29,1
898,8,17,18,17,2020-07-28,1
899,8,19,20,20,2020-07-20,1
900,8,21,22,21,2020-07-27,1
901,8,23,24,24,2020-07-30,1
902,8,25,26,25,2020-07-20,1
903,8,27,28,27,2020-07-17,1
904,8,29,30,30,2020-07-21,1
905,8,31,32,31,2020-07-29,1
906,8,33,34,34,2020-07-17,1
907,8,35,36,35,2020-07-24,1
908,8,37,38,37,2020-07-18,1
909,8,39,40,39,2020-07-21,1
910,8,41,42,41,2020-07-28,1
911,8,43,44,43,2020-07-22,1
912,8,45,46,45,2020-07-28,1
913,8,47,48,48,2020-07-29,1
914,8,49,50,49,2020-07-20,1
915,8,51,52,51,2020-07-25,1
916,8,53,54,54,2020-07-20,1
917,8,55,56,56,2020-07-28,1
918,8,57,58,57,2020-07-30,1
919,8,59,60,59,2020-07-18,1
920,8,61,62,62,2020-07-30,1
921,8,63,64,64,2020-07-19,1
922,8,65,66,65,2020-07-29,1
923,8,67,68,68,2020-07-25,1
924,8,69,70,70,2020-07-17,1
925,8,71,72,71,2020-07-18,1
926,8,73,74,74,2020-07-19,1
927,8,75,76,76,2020-07-27,1
928,8,77,78,78,2020-07-25,1
929,8,79,80,79,2020-07-30,1
930,8,81,82,82,2020-07-27,1
931,8,83,84,84,2020-07-25,1
932,8,85,86,86,2020-07-26,1
933,8,87,88,87,2020-07-29,1
934,8,89,90,89,2020-07-25,1
935,8,91,92,92,2020-07-19,1
936,8,93,94,94,2020-07-20,1
937,8,95,96,95,2020-07-24,1
938,8,97,98,97,2020-07-17,1
939,8,99,100,99,2020-07-21,1
940,8,101,102,101,2020-07-20,1
941,8,103,104,103,2020-07-17,1
942,8,105,106,106,2020-07-25,1
943,8,107,108,107,2020-07-21,1
944,8,109,110,109,2020-07-18,1
945,8,111,112,111,2020-07-27,1
946,8,113,114,113,2020-07-18,1
947,8,115,116,115,2020-07-24,1
948,8,117,118,117,2020-07-26,1
949,8,119,120,119,2020-07-18,1
950,8,121,122,122,2020-07-21,1
951,8,123,124,123,2020-07-25,1
952,8,125,126,126,2020-07-18,1
953,8,127,128,127,2020-07-26,1
954,8,1,4,1,2020-07-18,2
955,8,5,8,8,2020-07-27,2
956,8,10,11,11,2020-07-25,2
957,8,14,16,16,2020-07-23,2
958,8,17,20,17,2020-07-24,2
959,8,21,24,21,2020-07-30,2
960,8,25,27,27,2020-07-28,2
961,8,30,31,30,2020-07-27,2
962,8,34,35,35,2020-07-21,2
963,8,37,39,39,2020-07-17,2
964,8,41,43,41,2020-07-28,2
965,8,45,48,48,2020-07-23,2
966,8,49,51,49,2020-07-21,2
967,8,54,56,56,2020-07-26,2
968,8,57,59,57,2020-07-18,2
969,8,62,64,64,2020-07-25,2
970,8,65,68,68,2020-07-19,2
971,8,70,71,71,2020-07-19,2
972,8,74,76,76,2020-07-17,2
973,8,78,79,79,2020-07-25,2
974,8,82,84,82,2020-07-17,2
975,8,86,87,87,2020-07-21,2
976,8,89,92,92,2020-07-26,2
977,8,94,95,95,2020-07-17,2
978,8,97,99,97,2020-07-24,2
979,8,101,103,103,2020-07-28,2
980,8,106,107,106,2020-07-30,2
981,8,109,111,111,2020-07-29,2
982,8,113,115,115,2020-07-28,2
983,8,117,119,117,2020-07-18,2
984,8,122,123,123,2020-07-18,2
985,8,126,127,127,2020-07-30,2
986,8,1,8,8,2020-07-26,3
987,8,11,16,11,2020-07-23,3
988,8,17,21,17,2020-07-17,3
989,8,27,30,30,2020-07-29,3
990,8,35,39,35,2020-07-19,3
991,8,41,48,48,2020-07-18,3
992,8,49,56,56,2020-07-25,3
993,8,57,64,57,2020-07-25,3
994,8,68,71,71,2020-07-19,3
995,8,76,79,79,2020-07-28,3
996,8,82,87,87,2020-07-17,3
997,8,92,95,92,2020-07-20,3
998,8,97,103,97,2020-07-29,3
999,8,106,111,111,2020-07-23,3
1000,8,115,117,115,2020-07-17,3
1001,8,123,127,127,2020-07-17,3
1002,8,8,11,8,2020-07-26,4
1003,8,17,30,17,2020-07-25,4
1004,8,35,48,48,2020-07-20,4
1005,8,56,57,56,2020-07-30,4
1006,8,71,79,71,2020-07-20,4
1007,8,87,92,87,2020-07-20,4
1008,8,97,111,111,2020-07-21,4
1009,8,115,127,127,2020-07-20,4
1010,8,8,17,17,2020-07-22,5
1011,8,48,56,56,2020-07-24,5
1012,8,71,87,87,2020-07-17,5
1013,8,111,127,127,2020-07-28,5
1014,8,17,56,56,2020-07-26,6
1015,8,87,127,127,2020-07-18,6
1016,8,56,127,56,2020-07-22,7
1017,9,1,2,1,2021-07-13,1
1018,9,3,4,3,2021-07-14,1
1019,9,5,6,5,2021-07-15,1
1020,9,7,8,8,2021-07-12,1
1021,9,9,10,9,2021-07-13,1
1022,9,11,12,12,2021-07-16,1
1023,9,13,14,13,2021-07-13,1
1024,9,15,16,16,2021-07-11,1
1025,9,17,18,18,2021-07-18,1
1026,9,19,20,19,2021-07-19,1
1027,9,21,22,21,2021-07-16,1
1028,9,23,24,24,2021-07-21,1
1029,9,25,26,26,2021-07-11,1
1030,9,27,28,27,2021-07-17,1
1031,9,29,30,29,2021-07-21,1
1032,9,31,32,31,2021-07-08,1
1033,9,33,34,33,2021-07-11,1
1034,9,35,36,35,2021-07-08,1
1035,9,37,38,38,2021-07-17,1
1036,9,39,40,40,2021-07-12,1
1037,9,41,42,42,2021-07-11,1
1038,9,43,44,44,2021-07-08,1
1039,9,45,46,46,2021-07-08,1
1040,9,47,48,47,2021-07-15,1
1041,9,49,50,50,2021-07-20,1
1042,9,51,52,52,2021-07-08,1
1043,9,53,54,54,2021-07-08,1
1044,9,55,56,56,2021-07-09,1
1045,9,57,58,58,2021-07-10,1
1046,9,59,60,59,2021-07-21,1
1047,9,61,62,62,2021-07-11,1
1048,9,63,64,63,2021-07-11,1
1049,9,65,66,65,2021-07-17,1
1050,9,67,68,67,2021-07-08,1
1051,9,69,70,70,2021-07-18,1
1052,9,71,72,72,2021-07-18,1
1053,9,73,74,74,2021-07-21,1
1054,9,75,76,75,2021-07-16,1
1055,9,77,78,78,2021-07-14,1
1056,9,79,80,79,2021-07-11,1
1057,9,81,82,81,2021-07-16,1
1058,9,83,84,84,2021-07-20,1
1059,9,85,86,85,2021-07-13,1
1060,9,87,88,87,2021-07-20,1
1061,9,89,90,90,2021-07-17,1
1062,9,91,92,92,2021-07-09,1
1063,9,93,94,93,2021-07-11,1
1064,9,95,96,95,2021-07-17,1
1065,9,97,98,97,2021-07-21,1
1066,9,99,100,100,2021-07-16,1
1067,9,101,102,101,2021-07-10,1
1068,9,103,104,104,2021-07-18,1
1069,9,105,106,105,2021-07-18,1
1070,9,107,108,108,2021-07-13,1
1071,9,109,110,109,2021-07-19,1
1072,9,111,112,112,2021-07-17,1
1073,9,113,114,113,2021-07-13,1
1074,9,115,116,115,2021-07-17,1
1075,9,117,118,117,2021-07-13,1
1076,9,119,120,120,2021-07-19,1
1077,9,121,122,121,2021-07-17,1
1078,9,123,124,124,2021-07-09,1
1079,9,125,126,126,2021-07-14,1
1080,9,127,128,128,2021-07-14,1
1081,9,1,3,3,2021-07-20,2
1082,9,5,8,8,2021-07-17,2
1083,9,9,12,12,2021-07-21,2
1084,9,13,16,16,2021-07-08,2
1085,9,18,19,18,2021-07-19,2
1086,9,21,24,24,2021-07-13,2
1087,9,26,27,26,2021-07-14,2
1088,9,29,31,31,2021-07-08,2
1089,9,33,35,33,2021-07-15,2
1090,9,38,40,40,2021-07-17,2
1091,9,42,44,42,2021-07-10,2
1092,9,46,47,47,2021-07-20,2
1093,9,50,52,52,2021-07-09,2
1094,9,54,56,56,2021-07-11,2
1095,9,58,59,59,2021-07-17,2
1096,9,62,63,62,2021-07-08,2
1097,9,65,67,67,2021-07-18,2
1098,9,70,72,72,2021-07-17,2
1099,9,74,75,74,2021-07-18,2
1100,9,78,79,79,2021-07-10,2
1101,9,81,84,84,2021-07-19,2
1102,9,85,87,85,2021-07-19,2
1103,9,90,92,92,2021-07-11,2
1104,9,93,95,95,2021-07-12,2
1105,9,97,100,97,2021-07-16,2
1106,9,101,104,101,2021-07-19,2
1107,9,105,108,105,2021-07-17,2
1108,9,109,112,112,2021-07-11,2
1109,9,113,115,115,2021-07-14,2
1110,9,117,120,117,2021-07-20,2
1111,9,121,124,121,2021-07-10,2
1112,9,126,128,126,2021-07-16,2
1113,9,3,8,3,2021-07-16,3
1114,9,12,16,16,2021-07-11,3
1115,9,18,24,18,2021-07-16,3
1116,9,26,31,31,2021-07-19,3
1117,9,33,40,33,2021-07-20,3
1118,9,42,47,47,2021-07-09,3
1119,9,52,56,56,2021-07-12,3
1120,9,59,62,59,2021-07-14,3
1121,9,67,72,72,2021-07-12,3
1122,9,74,79,79,2021-07-15,3
1123,9,84,85,84,2021-07-15,3
1124,9,92,95,92,2021-07-17,3
1125,9,97,101,101,2021-07-09,3
1126,9,105,112,112,2021-07-15,3
1127,9,115,117,115,2021-07-21,3
1128,9,121,126,121,2021-07-18,3
1129,9,3,16,3,2021-07-08,4
1130,9,18,31,18,2021-07-17,4
1131,9,33,47,47,2021-07-14,4
1132,9,56,59,56,2021-07-17,4
1133,9,72,79,72,2021-07-13,4
1134,9,84,92,92,2021-07-16,4
1135,9,101,112,101,2021-07-11,4
1136,9,115,121,121,2021-07-11,4
1137,9,3,18,3,2021-07-10,5
1138,9,47,56,47,2021-07-16,5
1139,9,72,92,72,2021-07-12,5
1140,9,101,121,121,2021-07-08,5
1141,9,3,47,3,2021-07-18,6
1142,9,72,121,121,2021-07-21,6
1143,9,3,121,121,2021-07-17,7
1144,10,1,2,2,2021-06-18,1
1145,10,3,4,4,2021-06-08,1
1146,10,5,6,6,2021-06-08,1
1147,10,7,8,7,2021-06-17,1
1148,10,9,10,10,2021-06-20,1
1149,10,11,12,11,2021-06-20,1
1150,10,13,14,13,2021-06-10,1
1151,10,15,16,15,2021-06-11,1
1152,10,17,18,17,2021-06-10,1
1153,10,19,20,20,2021-06-12,1
1154,10,21,22,21,2021-06-10,1
1155,10,23,24,23,2021-06-12,1
1156,10,25,26,26,2021-06-07,1
1157,10,27,28,27,2021-06-19,1
1158,10,29,30,30,2021-06-10,1
1159,10,31,32,31,2021-06-18,1
1160,10,33,34,34,2021-06-15,1
1161,10,35,36,35,2021-06-13,1
1162,10,37,38,38,2021-06-15,1
1163,10,39,40,39,2021-06-09,1
1164,10,41,42,41,2021-06-16,1
1165,10,43,44,44,2021-06-13,1
1166,10,45,46,45,2021-06-10,1
1167,10,47,48,47,2021-06-15,1
1168,10,49,50,49,2021-06-19,1
1169,10,51,52,52,2021-06-15,1
1170,10,53,54,54,2021-06-19,1
1171,10,55,56,56,2021-06-10,1
1172,10,57,58,58,2021-06-16,1
1173,10,59,60,60,2021-06-20,1
1174,10,61,62,62,2021-06-14,1
1175,10,63,64,63,2021-06-12,1
1176,10,65,66,65,2021-06-16,1
1177,10,67,68,68,2021-06-15,1
1178,10,69,70,69,2021-06-16,1
1179,10,71,72,71,2021-06-18,1
1180,10,73,74,73,2021-06-19,1
1181,10,75,76,75,2021-06-14,1
1182,10,77,78,78,2021-06-16,1
1183,10,79,80,79,2021-06-16,1
1184,10,81,82,81,2021-06-09,1
1185,10,83,84,84,2021-06-10,1
1186,10,85,86,85,2021-06-10,1
1187,10,87,88,88,2021-06-07,1
1188,10,89,90,90,2021-06-19,1
1189,10,91,92,91,2021-06-09,1
1190,10,93,94,93,2021-06-11,1
1191,10,95,96,96,2021-06-19,1
1192,10,97,98,97,2021-06-09,1
1193,10,99,100,100,2021-06-13,1
1194,10,101,102,101,2021-06-11,1
1195,10,103,104,104,2021-06-16,1
1196,10,105,106,106,2021-06-09,1
1197,10,107,108,108,2021-06-07,1
1198,10,109,110,110,2021-06-07,1
1199,10,111,112,112,2021-06-09,1
1200,10,113,114,114,2021-06-15,1
1201,10,115,116,115,2021-06-18,1
1202,10,117,118,117,2021-06-14,1
1203,10,119,120,120,2021-06-09,1
1204,10,121,122,122,2021-06-17,1
1205,10,123,124,123,2021-06-15,1
1206,10,125,126,126,2021-06-13,1
1207,10,127,128,127,2021-06-18,1
1208,10,2,4,4,2021-06-12,2
1209,10,6,7,6,2021-06-10,2
1210,10,10,11,10,2021-06-20,2
1211,10,13,15,13,2021-06-20,2
1212,10,17,20,20,2021-06-08,2
1213,10,21,23,21,2021-06-19,2
1214,10,26,27,26,2021-06-11,2
1215,10,30,31,31,2021-06-07,2
1216,10,34,35,34,2021-06-11,2
1217,10,38,39,39,2021-06-19,2
1218,10,41,44,44,2021-06-16,2
1219,10,45,47,47,2021-06-12,2
1220,10,49,52,52,2021-06-17,2
1221,10,54,56,54,2021-06-16,2
1222,10,58,60,58,2021-06-13,2
1223,10,62,63,63,2021-06-07,2
1224,10,65,68,68,2021-06-10,2
1225,10,69,71,69,2021-06-16,2
1226,10,73,75,73,2021-06-11,2
1227,10,78,79,78,2021-06-17,2
1228,10,81,84,84,2021-06-20,2
1229,10,85,88,88,2021-06-08,2
1230,10,90,91,90,2021-06-16,2
1231,10,93,96,96,2021-06-09,2
1232,10,97,100,97,2021-06-16,2
1233,10,101,104,101,2021-06-15,2
1234,10,106,108,108,2021-06-12,2
1235,10,110,112,110,2021-06-19,2
1236,10,114,115,114,2021-06-18,2
1237,10,117,120,120,2021-06-07,2
1238,10,122,123,123,2021-06-18,2
1239,10,126,127,126,2021-06-09,2
1240,10,4,6,4,2021-06-13,3
1241,10,10,13,10,2021-06-19,3
1242,10,20,21,20,2021-06-18,3
1243,10,26,31,26,2021-06-20,3
1244,10,34,39,34,2021-06-16,3
1245,10,44,47,47,2021-06-18,3
1246,10,52,54,52,2021-06-13,3
1247,10,58,63,63,2021-06-11,3
1248,10,68,69,69,2021-06-12,3
1249,10,73,78,73,2021-06-20,3
1250,10,84,88,84,2021-06-15,3
1251,10,90,96,90,2021-06-10,3
1252,10,97,101,101,2021-06-14,3
1253,10,108,110,110,2021-06-10,3
1254,10,114,120,114,2021-06-18,3
1255,10,123,126,123,2021-06-08,3
1256,10,4,10,10,2021-06-08,4
1257,10,20,26,20,2021-06-18,4
1258,10,34,47,34,2021-06-16,4
1259,10,52,63,63,2021-06-20,4
1260,10,69,73,73,2021-06-16,4
1261,10,84,90,90,2021-06-20,4
1262,10,101,110,101,2021-06-09,4
1263,10,114,123,123,2021-06-13,4
1264,10,10,20,10,2021-06-18,5
1265,10,34,63,34,2021-06-12,5
1266,10,73,90,73,2021-06-09,5
1267,10,101,123,123,2021-06-14,5
1268,10,10,34,10,2021-06-10,6
1269,10,73,123,73,2021-06-15,6
1270,10,10,73,10,2021-06-09,7
1271,11,1,2,1,2021-12-26,1
1272,11,3,4,4,2021-12-24,1
1273,11,5,6,5,2021-12-26,1
1274,11,7,8,7,2022-01-05,1
1275,11,9,10,9,2021-12-27,1
1276,11,11,12,11,2021-12-23,1
1277,11,13,14,13,2021-12-23,1
1278,11,15,16,15,2022-01-01,1
1279,11,17,18,18,2022-01-05,1
1280,11,19,20,19,2022-01-03,1
1281,11,21,22,22,2021-12-25,1
1282,11,23,24,24,2022-01-03,1
1283,11,25,26,26,2022-01-05,1
1284,11,27,28,27,2021-12-31,1
1285,11,29,30,29,2021-12-31,1
1286,11,31,32,32,2021-12-25,1
1287,11,33,34,33,2021-12-23,1
1288,11,35,36,36,2021-12-28,1
1289,11,37,38,37,2021-12-28,1
1290,11,39,40,39,2022-01-04,1
1291,11,41,42,42,2021-12-30,1
1292,11,43,44,44,2021-12-29,1
1293,11,45,46,45,2021-12-28,1
1294,11,47,48,48,2021-12-23,1
1295,11,49,50,50,2022-01-04,1
1296,11,51,52,51,2021-12-31,1
1297,11,53,54,54,2022-01-04,1
1298,11,55,56,56,2021-12-31,1
1299,11,57,58,57,2021-12-25,1
1300,11,59,60,60,2021-12-24,1
1301,11,61,62,61,2021-12-30,1
1302,11,63,64,64,2022-01-05,1
1303,11,65,66,66,2022-01-02,1
1304,11,67,68,67,2021-12-28,1
1305,11,69,70,70,2021-12-31,1
1306,11,71,72,72,2022-01-01,1
1307,11,73,74,74,2021-12-26,1
1308,11,75,76,75,2021-12-28,1
1309,11,77,78,78,2021-12-29,1
1310,11,79,80,79,2021-12-27,1
1311,11,81,82,82,2022-01-03,1
1312,11,83,84,83,2021-12-31,1
1313,11,85,86,86,2021-12-29,1
1314,11,87,88,88,2022-01-01,1
1315,11,89,90,89,2021-12-26,1
1316,11,91,92,91,2021-12-25,1
1317,11,93,94,93,2022-01-01,1
1318,11,95,96,96,2021-12-31,1
1319,11,97,98,97,2022-01-04,1
1320,11,99,100,100,2022-01-03,1
1321,11,101,102,102,2021-12-28,1
1322,11,103,104,104,2022-01-01,1
1323,11,105,106,105,2021-12-31,1
1324,11,107,108,108,2022-01-02,1
1325,11,109,110,110,2021-12-29,1
1326,11,111,112,111,2021-12-31,1
1327,11,113,114,113,2022-01-01,1
1328,11,115,116,116,2021-12-29,1
1329,11,117,118,118,2021-12-25,1
1330,11,119,120,120,2022-01-03,1
1331,11,121,122,121,2021-12-30,1
1332,11,123,124,124,2021-12-25,1
1333,11,125,126,125,2022-01-02,1
1334,11,127,128,128,2021-12-26,1
1335,11,1,4,4,2021-12-31,2
1336,11,5,7,5,2021-12-28,2
1337,11,9,11,11,2021-12-27,2
1338,11,13,15,15,2021-12-31,2
1339,11,18,19,18,2022-01-04,2
1340,11,22,24,22,2021-12-28,2
1341,11,26,27,27,2021-12-25,2
1342,11,29,32,29,2022-01-01,2
1343,11,33,36,36,2022-01-01,2
1344,11,37,39,39,2022-01-03,2
1345,11,42,44,44,2022-01-04,2
1346,11,45,48,45,2022-01-03,2
1347,11,50,51,51,2022-01-05,2
1348,11,54,56,56,2021-12-28,2
1349,11,57,60,57,2022-01-01,2
1350,11,61,64,64,2022-01-04,2
1351,11,66,67,67,2021-12-30,2
1352,11,70,72,72,2022-01-03,2
1353,11,74,75,74,2021-12-28,2
1354,11,78,79,79,2021-12-30,2
1355,11,82,83,82,2022-01-04,2
1356,11,86,88,86,2021-12-23,2
1357,11,89,91,89,2021-12-25,2
1358,11,93,96,96,2022-01-03,2
1359,11,97,100,97,2021-12-30,2
1360,11,102,104,102,2022-01-01,2
1361,11,105,108,108,2021-12-28,2
1362,11,110,111,111,2022-01-02,2
1363,11,113,116,116,2021-12-24,2
1364,11,118,120,118,2022-01-05,2
1365,11,121,124,121,2021-12-23,2
1366,11,125,128,128,2022-01-01,2
1367,11,4,5,4,2021-12-25,3
1368,11,11,15,11,2021-12-29,3
1369,11,18,22,18,2021-12-27,3
1370,11,27,29,27,2021-12-30,3
1371,11,36,39,36,2021-12-27,3
1372,11,44,45,44,2021-12-25,3
1373,11,51,56,51,2021-12-27,3
1374,11,57,64,57,2021-12-31,3
1375,11,67,72,72,2021-12-23,3
1376,11,74,79,79,2021-12-28,3
1377,11,82,86,86,2021-12-24,3
1378,11,89,96,96,2021-12-23,3
1379,11,97,102,97,2022-01-01,3
1380,11,108,111,111,2022-01-04,3
1381,11,116,118,118,2021-12-23,3
1382,11,121,128,121,2021-12-26,3
1383,11,4,11,11,2021-12-25,4
1384,11,18,27,27,2021-12-27,4
1385,11,36,44,36,2021-12-24,4
1386,11,51,57,57,2022-01-03,4
1387,11,72,79,79,2021-12-27,4
1388,11,86,96,86,2021-12-23,4
1389,11,97,111,111,2022-01-04,4
1390,11,118,121,121,2022-01-02,4
1391,11,11,27,27,2021-12-24,5
1392,11,36,57,57,2022-01-05,5
1393,11,79,86,86,2021-12-27,5
1394,11,111,121,121,2021-12-28,5
1395,11,27,57,57,2021-12-28,6
1396,11,86,121,86,2022-01-02,6
1397,11,57,86,57,2022-01-01,7
1398,12,1,2,1,2021-11-12,1
1399,12,3,4,3,2021-11-01,1
1400,12,5,6,5,2021-11-11,1
1401,12,7,8,7,2021-11-06,1
1402,12,9,10,9,2021-11-10,1
1403,12,11,12,12,2021-11-01,1
1404,12,13,14,13,2021-11-07,1
1405,12,15,16,16,2021-11-01,1
1406,12,17,18,17,2021-11-09,1
1407,12,19,20,19,2021-11-09,1
1408,12,21,22,21,2021-11-09,1
1409,12,23,24,23,2021-11-12,1
1410,12,25,26,26,2021-11-04,1
1411,12,27,28,28,2021-11-13,1
1412,12,29,30,30,2021-11-03,1
1413,12,31,32,31,2021-11-07,1
1414,12,33,34,34,2021-11-03,1
1415,12,35,36,36,2021-11-03,1
1416,12,37,38,38,2021-11-07,1
1417,12,39,40,40,2021-11-01,1
1418,12,41,42,41,2021-11-04,1
1419,12,43,44,43,2021-11-04,1
1420,12,45,46,45,2021-11-10,1
1421,12,47,48,47,2021-11-06,1
1422,12,49,50,49,2021-11-14,1
1423,12,51,52,51,2021-11-08,1
1424,12,53,54,54,2021-11-05,1
1425,12,55,56,55,2021-11-11,1
1426,12,57,58,58,2021-11-13,1
1427,12,59,60,60,2021-11-13,1
1428,12,61,62,62,2021-11-03,1
1429,12,63,64,63,2021-11-14,1
1430,12,65,66,65,2021-11-03,1
1431,12,67,68,68,2021-11-12,1
1432,12,69,70,69,2021-11-04,1
1433,12,71,72,72,2021-11-13,1
1434,12,73,74,73,2021-11-11,1
1435,12,75,76,76,2021-11-12,1
1436,12,77,78,77,2021-11-05,1
1437,12,79,80,80,2021-11-12,1
1438,12,81,82,82,2021-11-14,1
1439,12,83,84,83,2021-11-09,1
1440,12,85,86,86,2021-11-04,1
1441,12,87,88,87,2021-11-11,1
1442,12,89,90,90,2021-11-07,1
1443,12,91,92,91,2021-11-10,1
1444,12,93,94,94,2021-11-02,1
1445,12,95,96,96,2021-11-14,1
1446,12,97,98,98,2021-11-13,1
1447,12,99,100,100,2021-11-09,1
1448,12,101,102,102,2021-11-06,1
1449,12,103,104,103,2021-11-12,1
1450,12,105,106,105,2021-11-07,1
1451,12,107,108,108,2021-11-09,1
1452,12,109,110,109,2021-11-12,1
1453,12,111,112,112,2021-11-10,1
1454,12,113,114,113,2021-11-01,1
1455,12,115,116,116,2021-11-11,1
1456,12,117,118,117,2021-11-01,1
1457,12,119,120,119,2021-11-14,1
1458,12,121,122,122,2021-11-10,1
1459,12,123,124,124,2021-11-11,1
1460,12,125,126,126,2021-11-06,1
1461,12,127,128,127,2021-11-11,1
1462,12,1,3,3,2021-11-06,2
1463,12,5,7,7,2021-11-07,2
1464,12,9,12,9,2021-11-12,2
1465,12,13,16,13,2021-11-12,2
1466,12,17,19,19,2021-11-04,2
1467,12,21,23,21,2021-11-06,2
1468,12,26,28,28,2021-11-11,2
1469,12,30,31,30,2021-11-07,2
1470,12,34,36,34,2021-11-09,2
1471,12,38,40,38,2021-11-12,2
1472,12,41,43,41,2021-11-04,2
1473,12,45,47,45,2021-11-13,2
1474,12,49,51,49,2021-11-03,2
1475,12,54,55,54,2021-11-05,2
1476,12,58,60,60,2021-11-08,2
1477,12,62,63,63,2021-11-13,2
1478,12,65,68,65,2021-11-03,2
1479,12,69,72,72,2021-11-02,2
1480,12,73,76,76,2021-11-04,2
1481,12,77,80,80,2021-11-09,2
1482,12,82,83,82,2021-11-01,2
1483,12,86,87,86,2021-11-09,2
1484,12,90,91,90,2021-11-04,2
1485,12,94,96,94,2021-11-12,2
1486,12,98,100,100,2021-11-10,2
1487,12,102,103,103,2021-11-05,2
1488,12,105,108,108,2021-11-10,2
1489,12,109,112,109,2021-11-13,2
1490,12,113,116,113,2021-11-05,2
1491,12,117,119,119,2021-11-05,2
1492,12,122,124,124,2021-11-10,2
1493,12,126,127,127,2021-11-02,2
1494,12,3,7,3,2021-11-09,3
1495,12,9,13,9,2021-11-13,3
1496,12,19,21,21,2021-11-05,3
1497,12,28,30,30,2021-11-08,3
1498,12,34,38,34,2021-11-05,3
1499,12,41,45,45,2021-11-13,3
1500,12,49,54,54,2021-11-14,3
1501,12,60,63,60,2021-11-11,3
1502,12,65,72,65,2021-11-04,3
1503,12,76,80,80,2021-11-12,3
1504,12,82,86,82,2021-11-14,3
1505,12,90,94,94,2021-11-06,3
1506,12,100,103,103,2021-11-11,3
1507,12,108,109,109,2021-11-01,3
1508,12,113,119,119,2021-11-06,3
1509,12,124,127,124,2021-11-12,3
1510,12,3,9,3,2021-11-08,4
1511,12,21,30,30,2021-11-14,4
1512,12,34,45,45,2021-11-05,4
1513,12,54,60,60,2021-11-01,4
1514,12,65,80,65,2021-11-02,4
1515,12,82,94,94,2021-11-02,4
1516,12,103,109,109,2021-11-04,4
1517,12,119,124,124,2021-11-06,4
1518,12,3,30,30,2021-11-11,5
1519,12,45,60,60,2021-11-06,5
1520,12,65,94,94,2021-11-03,5
1521,12,109,124,124,2021-11-13,5
1522,12,30,60,30,2021-11-11,6
1523,12,94,124,124,2021-11-07,6
1524,12,30,124,124,2021-11-09,7
1525,13,1,2,1,2022-11-30,1
1526,13,3,4,4,2022-11-23,1
1527,13,5,6,5,2022-11-22,1
1528,13,7,8,8,2022-11-28,1
1529,13,9,10,9,2022-12-02,1
1530,13,11,12,11,2022-11-27,1
1531,13,13,14,14,2022-11-29,1
1532,13,15,16,16,2022-11-28,1
1533,13,17,18,17,2022-11-29,1
1534,13,19,20,19,2022-11-26,1
1535,13,21,22,22,2022-11-30,1
1536,13,23,24,24,2022-11-20,1
1537,13,25,26,26,2022-11-22,1
1538,13,27,28,28,2022-11-24,1
1539,13,29,30,29,2022-11-21,1
1540,13,31,32,32,2022-11-22,1
1541,13,33,34,34,2022-11-28,1
1542,13,35,36,36,2022-11-30,1
1543,13,37,38,37,2022-12-02,1
1544,13,39,40,40,2022-11-24,1
1545,13,41,42,41,2022-11-27,1
1546,13,43,44,43,2022-11-20,1
1547,13,45,46,46,2022-11-19,1
1548,13,47,48,48,2022-11-28,1
1549,13,49,50,50,2022-11-24,1
1550,13,51,52,51,2022-11-21,1
1551,13,53,54,54,2022-11-29,1
1552,13,55,56,55,2022-12-02,1
1553,13,57,58,57,2022-11-28,1
1554,13,59,60,60,2022-12-02,1
1555,13,61,62,61,2022-11-24,1
1556,13,63,64,64,2022-11-19,1
1557,13,65,66,65,2022-11-22,1
1558,13,67,68,68,2022-12-01,1
1559,13,69,70,69,2022-11-30,1
1560,13,71,72,71,2022-11-26,1
1561,13,73,74,73,2022-11-28,1
1562,13,75,76,76,2022-12-02,1
1563,13,77,78,77,2022-12-02,1
1564,13,79,80,79,2022-11-20,1
1565,13,81,82,81,2022-11-20,1
1566,13,83,84,83,2022-11-30,1
1567,13,85,86,86,2022-11-19,1
1568,13,87,88,87,2022-11-23,1
1569,13,89,90,89,2022-11-29,1
1570,13,91,92,91,2022-11-27,1
1571,13,93,94,93,2022-11-26,1
1572,13,95,96,95,2022-11-21,1
1573,13,97,98,98,2022-11-19,1
1574,13,99,100,99,2022-11-24,1
1575,13,101,102,101,2022-11-19,1
1576,13,103,104,104,2022-12-01,1
1577,13,105,106,105,2022-11-27,1
1578,13,107,108,107,2022-11-22,1
1579,13,109,110,109,2022-11-30,1
1580,13,111,112,111,2022-11-25,1
1581,13,113,114,114,2022-11-21,1
1582,13,115,116,116,2022-11-29,1
1583,13,117,118,118,2022-11-25,1
1584,13,119,120,119,2022-11-24,1
1585,13,121,122,122,2022-11-28,1
1586,13,123,124,123,2022-11-28,1
1587,13,125,126,126,2022-12-01,1
1588,13,127,128,127,2022-11-27,1
1589,13,1,4,4,2022-11-24,2
1590,13,5,8,5,2022-11-25,2
1591,13,9,11,11,2022-11-21,2
1592,13,14,16,16,2022-11-20,2
1593,13,17,19,19,2022-11-22,2
1594,13,22,24,24,2022-11-26,2
1595,13,26,28,26,2022-12-02,2
1596,13,29,32,29,2022-11-30,2
1597,13,34,36,36,2022-11-20,2
1598,13,37,40,37,2022-12-01,2
1599,13,41,43,41,2022-11-30,2
1600,13,46,48,48,2022-11-29,2
1601,13,50,51,50,2022-11-26,2
1602,13,54,55,54,2022-11-28,2
1603,13,57,60,57,2022-11-19,2
1604,13,61,64,64,2022-11-21,2
1605,13,65,68,65,2022-11-29,2
1606,13,69,71,71,2022-11-22,2
1607,13,73,76,73,2022-11-22,2
1608,13,77,79,79,2022-11-19,2
1609,13,81,83,81,2022-11-21,2
1610,13,86,87,86,2022-11-29,2
1611,13,89,91,91,2022-11-25,2
1612,13,93,95,93,2022-11-19,2
1613,13,98,99,99,2022-11-25,2
1614,13,101,104,104,2022-11-25,2
1615,13,105,107,105,2022-11-28,2
1616,13,109,111,111,2022-11-21,2
1617,13,114,116,116,2022-11-27,2
1618,13,118,119,118,2022-11-26,2
1619,13,122,123,123,2022-11-28,2
1620,13,126,127,127,2022-11-23,2
1621,13,4,5,5,2022-12-02,3
1622,13,11,16,11,2022-12-02,3
1623,13,19,24,24,2022-11-20,3
1624,13,26,29,26,2022-11-27,3
1625,13,36,37,37,2022-12-01,3
1626,13,41,48,41,2022-12-02,3
1627,13,50,54,54,2022-11-19,3
1628,13,57,64,64,2022-11-22,3
1629,13,65,71,71,2022-12-01,3
1630,13,73,79,73,2022-11-19,3
1631,13,81,86,86,2022-11-25,3
1632,13,91,93,91,2022-11-27,3
1633,13,99,104,104,2022-11-22,3
1634,13,105,111,111,2022-11-27,3
1635,13,116,118,116,2022-11-21,3
1636,13,123,127,127,2022-12-02,3
1637,13,5,11,5,2022-11-29,4
1638,13,24,26,26,2022-11-20,4
1639,13,37,41,41,2022-11-25,4
1640,13,54,64,64,2022-12-02,4
1641,13,71,73,71,2022-11-21,4
1642,13,86,91,86,2022-12-01,4
1643,13,104,111,111,2022-11-20,4
1644,13,116,127,127,2022-11-22,4
1645,13,5,26,26,2022-11-30,5
1646,13,41,64,64,2022-11-19,5
1647,13,71,86,71,2022-12-01,5
1648,13,111,127,111,2022-11-24,5
1649,13,26,64,26,2022-11-27,6
1650,13,71,111,111,2022-11-21,6
1651,13,26,111,26,2022-12-02,7
1652,14,1,2,1,2022-05-03,1
1653,14,3,4,3,2022-05-02,1
1654,14,5,6,6,2022-05-03,1
1655,14,7,8,7,2022-05-07,1
1656,14,9,10,10,2022-05-02,1
1657,14,11,12,11,2022-05-08,1
1658,14,13,14,14,2022-05-06,1
1659,14,15,16,16,2022-05-01,1
1660,14,17,18,17,2022-05-04,1
1661,14,19,20,20,2022-05-06,1
1662,14,21,22,22,2022-05-11,1
1663,14,23,24,23,2022-05-02,1
1664,14,25,26,25,2022-05-03,1
1665,14,27,28,28,2022-05-09,1
1666,14,29,30,29,2022-05-05,1
1667,14,31,32,32,2022-05-01,1
1668,14,33,34,33,2022-05-04,1
1669,14,35,36,36,2022-05-11,1
1670,14,37,38,37,2022-04-28,1
1671,14,39,40,40,2022-04-30,1
1672,14,41,42,41,2022-05-05,1
1673,14,43,44,44,2022-05-05,1
1674,14,45,46,45,2022-05-05,1
1675,14,47,48,48,2022-04-28,1
1676,14,49,50,49,2022-04-30,1
1677,14,51,52,51,2022-04-28,1
1678,14,53,54,54,2022-05-05,1
1679,14,55,56,56,2022-04-30,1
1680,14,57,58,57,2022-05-02,1
1681,14,59,60,59,2022-05-04,1
1682,14,61,62,61,2022-05-02,1
1683,14,63,64,63,2022-05-10,1
1684,14,65,66,65,2022-05-11,1
1685,14,67,68,67,2022-05-06,1
1686,14,69,70,70,2022-05-08,1
1687,14,71,72,71,2022-04-30,1
1688,14,73,74,73,2022-05-08,1
1689,14,75,76,76,2022-05-10,1
1690,14,77,78,78,2022-05-10,1
1691,14,79,80,80,2022-05-07,1
1692,14,81,82,82,2022-04-30,1
1693,14,83,84,83,2022-04-29,1
1694,14,85,86,85,2022-05-09,1
1695,14,87,88,88,2022-05-05,1
1696,14,89,90,90,2022-05-02,1
1697,14,91,92,92,2022-05-05,1
1698,14,93,94,94,2022-05-03,1
1699,14,95,96,96,2022-05-08,1
1700,14,97,98,98,2022-05-04,1
1701,14,99,100,100,2022-04-28,1
1702,14,101,102,101,2022-04-28,1
1703,14,103,104,103,2022-04-28,1
1704,14,105,106,105,2022-05-04,1
1705,14,107,108,107,2022-04-29,1
1706,14,109,110,109,2022-05-05,1
1707,14,111,112,112,2022-05-05,1
1708,14,113,114,114,2022-05-11,1
1709,14,115,116,115,2022-05-04,1
1710,14,117,118,118,2022-04-29,1
1711,14,119,120,119,2022-05-04,1
1712,14,121,122,121,2022-05-10,1
1713,14,123,124,124,2022-05-01,1
1714,14,125,126,125,2022-05-04,1
1715,14,127,128,127,2022-04-29,1
1716,14,1,3,3,2022-05-07,2
1717,14,6,7,7,2022-05-08,2
1718,14,10,11,10,2022-05-04,2
1719,14,14,16,14,2022-05-03,2
1720,14,17,20,17,2022-05-04,2
1721,14,22,23,23,2022-05-05,2
1722,14,25,28,28,2022-05-10,2
1723,14,29,32,32,2022-05-09,2
1724,14,33,36,33,2022-05-08,2
1725,14,37,40,37,2022-04-30,2
1726,14,41,44,44,2022-05-08,2
1727,14,45,48,45,2022-05-07,2
1728,14,49,51,49,2022-05-02,2
1729,14,54,56,56,2022-05-10,2
1730,14,57,59,59,2022-04-29,2
1731,14,61,63,63,2022-05-03,2
1732,14,65,67,65,2022-05-09,2
1733,14,70,71,70,2022-05-07,2
1734,14,73,76,73,2022-04-28,2
1735,14,78,80,78,2022-05-03,2
1736,14,82,83,83,2022-04-29,2
1737,14,85,88,85,2022-05-05,2
1738,14,90,92,92,2022-04-30,2
1739,14,94,96,96,2022-05-02,2
1740,14,98,100,98,2022-05-01,2
1741,14,101,103,103,2022-05-08,2
1742,14,105,107,107,2022-04-28,2
1743,14,109,112,109,2022-05-06,2
1744,14,114,115,115,2022-05-10,2
1745,14,118,119,119,2022-05-08,2
1746,14,121,124,124,2022-05-01,2
1747,14,125,127,125,2022-05-10,2
1748,14,3,7,7,2022-05-03,3
1749,14,10,14,10,2022-05-10,3
1750,14,17,23,17,2022-05-04,3
1751,14,28,32,28,2022-05-04,3
1752,14,33,37,37,2022-05-07,3
1753,14,44,45,45,2022-05-08,3
1754,14,49,56,49,2022-05-09,3
1755,14,59,63,63,2022-04-29,3
1756,14,65,70,70,2022-05-01,3
1757,14,73,78,78,2022-05-10,3
1758,14,83,85,85,2022-05-06,3
1759,14,92,96,92,2022-05-02,3
1760,14,98,103,98,2022-05-04,3
1761,14,107,109,109,2022-05-01,3
1762,14,115,119,115,2022-05-03,3
1763,14,124,125,124,2022-05-05,3
1764,14,7,10,7,2022-05-01,4
1765,14,17,28,17,2022-05-02,4
1766,14,37,45,45,2022-05-11,4
1767,14,49,63,49,2022-05-04,4
1768,14,70,78,70,2022-05-11,4
1769,14,85,92,92,2022-04-28,4
1770,14,98,109,109,2022-05-02,4
1771,14,115,124,124,2022-05-03,4
1772,14,7,17,7,2022-05-08,5
1773,14,45,49,49,2022-05-01,5
1774,14,70,92,92,2022-05-03,5
1775,14,109,124,124,2022-05-11,5
1776,14,7,49,7,2022-05-01,6
1777,14,92,124,92,2022-05-02,6
1778,14,7,92,92,2022-05-04,7
1779,15,1,2,1,2022-07-17,1
1780,15,3,4,3,2022-07-12,1
1781,15,5,6,6,2022-07-05,1
1782,15,7,8,7,2022-07-16,1
1783,15,9,10,10,2022-07-09,1
1784,15,11,12,12,2022-07-06,1
1785,15,13,14,13,2022-07-15,1
1786,15,15,16,16,2022-07-09,1
1787,15,17,18,17,2022-07-14,1
1788,15,19,20,20,2022-07-17,1
1789,15,21,22,21,2022-07-14,1
1790,15,23,24,24,2022-07-10,1
1791,15,25,26,25,2022-07-14,1
1792,15,27,28,27,2022-07-17,1
1793,15,29,30,29,2022-07-17,1
1794,15,31,32,32,2022-07-16,1
1795,15,33,34,33,2022-07-07,1
1796,15,35,36,35,2022-07-08,1
1797,15,37,38,38,2022-07-07,1
1798,15,39,40,39,2022-07-17,1
1799,15,41,42,41,2022-07-05,1
1800,15,43,44,43,2022-07-06,1
1801,15,45,46,45,2022-07-05,1
1802,15,47,48,48,2022-07-10,1
1803,15,49,50,49,2022-07-14,1
1804,15,51,52,52,2022-07-15,1
1805,15,53,54,54,2022-07-11,1
1806,15,55,56,55,2022-07-15,1
1807,15,57,58,58,2022-07-13,1
1808,15,59,60,60,2022-07-14,1
1809,15,61,62,61,2022-07-11,1
1810,15,63,64,63,2022-07-06,1
1811,15,65,66,66,2022-07-08,1
1812,15,67,68,68,2022-07-10,1
1813,15,69,70,69,2022-07-10,1
1814,15,71,72,72,2022-07-06,1
1815,15,73,74,73,2022-07-06,1
1816,15,75,76,75,2022-07-17,1
1817,15,77,78,78,2022-07-06,1
1818,15,79,80,80,2022-07-15,1
1819,15,81,82,82,2022-07-11,1
1820,15,83,84,83,2022-07-15,1
1821,15,85,86,85,2022-07-08,1
1822,15,87,88,87,2022-07-17,1
1823,15,89,90,90,2022-07-12,1
1824,15,91,92,91,2022-07-05,1
1825,15,93,94,93,2022-07-08,1
1826,15,95,96,96,2022-07-13,1
1827,15,97,98,97,2022-07-13,1
1828,15,99,100,100,2022-07-13,1
1829,15,101,102,102,2022-07-12,1
1830,15,103,104,103,2022-07-17,1
1831,15,105,106,106,2022-07-11,1
1832,15,107,108,108,2022-07-08,1
1833,15,109,110,109,2022-07-05,1
1834,15,111,112,111,2022-07-16,1
1835,15,113,114,114,2022-07-09,1
1836,15,115,116,116,2022-07-14,1
1837,15,117,118,117,2022-07-13,1
1838,15,119,120,120,2022-07-16,1
1839,15,121,122,121,2022-07-12,1
1840,15,123,124,124,2022-07-15,1
1841,15,125,126,126,2022-07-08,1
1842,15,127,128,127,2022-07-16,1
1843,15,1,3,1,2022-07-12,2
1844,15,6,7,6,2022-07-13,2
1845,15,10,12,12,2022-07-13,2
1846,15,13,16,13,2022-07-14,2
1847,15,17,20,20,2022-07-14,2
1848,15,21,24,24,2022-07-14,2
1849,15,25,27,27,2022-07-17,2
1850,15,29,32,29,2022-07-12,2
1851,15,33,35,33,2022-07-18,2
1852,15,38,39,38,2022-07-10,2
1853,15,41,43,43,2022-07-09,2
1854,15,45,48,45,2022-07-15,2
1855,15,49,52,52,2022-07-10,2
1856,15,54,55,55,2022-07-11,2
1857,15,58,60,60,2022-07-17,2
1858,15,61,63,61,2022-07-09,2
1859,15,66,68,68,2022-07-17,2
1860,15,69,72,72,2022-07-08,2
1861,15,73,75,75,2022-07-17,2
1862,15,78,80,80,2022-07-17,2
1863,15,82,83,82,2022-07-17,2
1864,15,85,87,87,2022-07-16,2
1865,15,90,91,91,2022-07-13,2
1866,15,93,96,93,2022-07-11,2
1867,15,97,100,97,2022-07-15,2
1868,15,102,103,102,2022-07-12,2
1869,15,106,108,108,2022-07-16,2
1870,15,109,111,111,2022-07-17,2
1871,15,114,116,114,2022-07-06,2
1872,15,117,120,117,2022-07-09,2
1873,15,121,124,121,2022-07-11,2
1874,15,126,127,127,2022-07-16,2
1875,15,1,6,1,2022-07-06,3
1876,15,12,13,12,2022-07-05,3
1877,15,20,24,20,2022-07-09,3
1878,15,27,29,29,2022-07-07,3
1879,15,33,38,33,2022-07-11,3
1880,15,43,45,45,2022-07-05,3
1881,15,52,55,55,2022-07-10,3
1882,15,60,61,60,2022-07-09,3
1883,15,68,72,68,2022-07-09,3
1884,15,75,80,80,2022-07-13,3
1885,15,82,87,87,2022-07-11,3
1886,15,91,93,93,2022-07-05,3
1887,15,97,102,102,2022-07-05,3
1888,15,108,111,111,2022-07-05,3
1889,15,114,117,117,2022-07-09,3
1890,15,121,127,121,2022-07-12,3
1891,15,1,12,1,2022-07-10,4
1892,15,20,29,29,2022-07-14,4
1893,15,33,45,33,2022-07-17,4
1894,15,55,60,55,2022-07-13,4
1895,15,68,80,68,2022-07-13,4
1896,15,87,93,87,2022-07-07,4
1897,15,102,111,111,2022-07-15,4
1898,15,117,121,117,2022-07-07,4
1899,15,1,29,1,2022-07-05,5
1900,15,33,55,55,2022-07-09,5
1901,15,68,87,68,2022-07-05,5
1902,15,111,117,111,2022-07-17,5
1903,15,1,55,1,2022-07-11,6
1904,15,68,111,111,2022-07-13,6
1905,15,1,111,1,2022-07-10,7
1906,16,1,2,1,2022-05-29,1
1907,16,3,4,3,2022-05-24,1
1908,16,5,6,5,2022-05-27,1
1909,16,7,8,7,2022-05-24,1
1910,16,9,10,10,2022-05-24,1
1911,16,11,12,11,2022-06-01,1
1912,16,13,14,14,2022-05-23,1
1913,16,15,16,15,2022-06-01,1
1914,16,17,18,17,2022-05-29,1
1915,16,19,20,20,2022-05-25,1
1916,16,21,22,21,2022-05-20,1
1917,16,23,24,24,2022-05-21,1
1918,16,25,26,26,2022-05-30,1
1919,16,27,28,27,2022-05-20,1
1920,16,29,30,30,2022-05-23,1
1921,16,31,32,32,2022-06-01,1
1922,16,33,34,33,2022-05-22,1
1923,16,35,36,35,2022-05-30,1
1924,16,37,38,37,2022-05-27,1
1925,16,39,40,39,2022-05-28,1
1926,16,41,42,41,2022-05-24,1
1927,16,43,44,43,2022-05-21,1
1928,16,45,46,45,2022-05-28,1
1929,16,47,48,48,2022-05-23,1
1930,16,49,50,50,2022-05-27,1
1931,16,51,52,52,2022-05-26,1
1932,16,53,54,54,2022-05-31,1
1933,16,55,56,56,2022-05-31,1
1934,16,57,58,58,2022-05-28,1
1935,16,59,60,60,2022-05-26,1
1936,16,61,62,61,2022-05-21,1
1937,16,63,64,63,2022-05-31,1
1938,16,65,66,65,2022-05-23,1
1939,16,67,68,67,2022-05-22,1
1940,16,69,70,69,2022-06-01,1
1941,16,71,72,71,2022-05-26,1
1942,16,73,74,73,2022-06-02,1
1943,16,75,76,76,2022-05-29,1
1944,16,77,78,77,2022-05-30,1
1945,16,79,80,80,2022-05-30,1
1946,16,81,82,81,2022-05-23,1
1947,16,83,84,84,2022-05-30,1
1948,16,85,86,85,2022-05-23,1
1949,16,87,88,87,2022-05-22,1
1950,16,89,90,90,2022-05-22,1
1951,16,91,92,92,2022-05-24,1
1952,16,93,94,94,2022-05-31,1
1953,16,95,96,96,2022-05-27,1
1954,16,97,98,98,2022-05-22,1
1955,16,99,100,99,2022-05-30,1
1956,16,101,102,101,2022-05-26,1
1957,16,103,104,104,2022-05-26,1
1958,16,105,106,105,2022-05-22,1
1959,16,107,108,108,2022-05-28,1
1960,16,109,110,110,2022-06-01,1
1961,16,111,112,112,2022-06-02,1
1962,16,113,114,114,2022-05-21,1
1963,16,115,116,116,2022-05-20,1
1964,16,117,118,117,2022-05-20,1
1965,16,119,120,120,2022-05-20,1
1966,16,121,122,122,2022-05-23,1
1967,16,123,124,124,2022-05-22,1
1968,16,125,126,126,2022-05-29,1
1969,16,127,128,128,2022-05-29,1
1970,16,1,3,3,2022-05-31,2
1971,16,5,7,7,2022-05-20,2
1972,16,10,11,11,2022-05-27,2
1973,16,14,15,14,2022-05-23,2
1974,16,17,20,17,2022-05-22,2
1975,16,21,24,24,2022-05-29,2
1976,16,26,27,26,2022-05-25,2
1977,16,30,32,32,2022-05-21,2
1978,16,33,35,33,2022-05-25,2
1979,16,37,39,37,2022-05-30,2
1980,16,41,43,43,2022-05-20,2
1981,16,45,48,48,2022-05-21,2
1982,16,50,52,52,2022-05-29,2
1983,16,54,56,56,2022-05-23,2
1984,16,58,60,60,2022-06-02,2
1985,16,61,63,63,2022-05-27,2
1986,16,65,67,65,2022-05-29,2
1987,16,69,71,69,2022-05-29,2
1988,16,73,76,76,2022-06-02,2
1989,16,77,80,80,2022-05-21,2
1990,16,81,84,81,2022-05-30,2
1991,16,85,87,85,2022-06-02,2
1992,16,90,92,90,2022-05-23,2
1993,16,94,96,94,2022-06-02,2
1994,16,98,99,99,2022-05-23,2
1995,16,101,104,101,2022-05-25,2
1996,16,105,108,105,2022-05-24,2
1997,16,110,112,110,2022-05-22,2
1998,16,114,116,114,2022-06-02,2
1999,16,117,120,120,2022-05-31,2
2000,16,122,124,124,2022-05-26,2
2001,16,126,128,126,2022-05-26,2
2002,16,3,7,3,2022-05-26,3
2003,16,11,14,11,2022-05-25,3
2004,16,17,24,17,2022-05-29,3
2005,16,26,32,32,2022-05-20,3
2006,16,33,37,33,2022-05-21,3
2007,16,43,48,48,2022-06-01,3
2008,16,52,56,56,2022-05-21,3
2009,16,60,63,63,2022-05-20,3
2010,16,65,69,69,2022-05-26,3
2011,16,76,80,76,2022-05-23,3
2012,16,81,85,85,2022-05-23,3
2013,16,90,94,90,2022-06-01,3
2014,16,99,101,99,2022-05-23,3
2015,16,105,110,105,2022-05-22,3
2016,16,114,120,114,2022-05-28,3
2017,16,124,126,126,2022-05-20,3
2018,16,3,11,11,2022-05-27,4
2019,16,17,32,17,2022-05-23,4
2020,16,33,48,48,2022-05-28,4
2021,16,56,63,56,2022-05-21,4
2022,16,69,76,76,2022-05-22,4
2023,16,85,90,85,2022-05-29,4
2024,16,99,105,99,2022-05-25,4
2025,16,114,126,126,2022-05-26,4
2026,16,11,17,11,2022-05-30,5
2027,16,48,56,56,2022-05-28,5
2028,16,76,85,76,2022-05-31,5
2029,16,99,126,99,2022-05-31,5
2030,16,11,56,11,2022-06-02,6
2031,16,76,99,99,2022-06-01,6
2032,16,11,99,11,2022-05-22,7
